2023-12-21,-246.0,kLvHtvsPETpctMoPJv
2023-12-21,-219.0,XzLekUfNenLnJDcHShPf
2023-12-21,-216.0,cIqeLSKRbW
2023-12-21,-216.0,wTFGopvbieJG
2023-12-21,-210.0,LiBHOGYZ
2023-12-21,-164.0,CflJAa
2023-12-21,-135.0,jhPoxRcyJHAyWfieA
2023-12-21,-119.0,ouOGiOnseeNzQGroXHCvVW
2023-12-21,-109.0,FVIIJPrqcmCitknCEi
2023-12-21,-51.0,gWkcpBtglFkyhJPVGaXwxYSC
2023-12-21,-48.0,AvasQnHYwS
2023-12-21,-45.0,wmnadcvt
2023-12-21,-45.0,eyJHSjaLWkl
2023-12-21,-29.0,fejyOTWVlAcdHN
2023-12-21,-24.0,UGemgEb
2023-12-21,-16.0,debooKdHxZTZzJxF
2023-12-21,-2.0,xcZl
2023-12-21,20.0,HFphSCEdCzVQEZOCgwtdKEQfw
2023-12-21,30.0,eNQKQftfJ
2023-12-21,37.0,sdIRBnoPuOJCph
2023-12-21,47.0,DhxMfcLt
2023-12-21,60.0,eZqYXbUBBYoqWA
2023-12-21,74.0,oFDqSsXHuqhvbQBaMIHZBoCW
2023-12-21,89.0,zJPZZDmM
2023-12-21,97.0,LApbK
2023-12-21,100.0,IihWbzGnYIQsxD
2023-12-21,101.0,eagWgWonsNsDdchlG
2023-12-21,113.0,LiRgRgxrrobTKQtYJgcsW
2023-12-21,117.0,ATrNsNcIbyrN
2023-12-21,133.0,pMWeGKKqqFQbgkUtzhzRhIHTL
2023-12-21,137.0,vYZwGTSYfB
2023-12-21,137.0,WCTjq
2023-12-21,151.0,DWhKSdcRZSMgOKb
2023-12-21,151.0,OSHTzXFSCLtwmiL
2023-12-21,160.0,erCDDH
2023-12-21,207.0,xpWirBhHLPmPpWv
2023-12-21,211.0,xYOsFjNdmmT
2023-12-21,215.0,FakcbM
2023-12-21,240.0,HLiagYOh
2023-12-21,248.0,lYBTldpCvS
2023-12-21,259.0,xuUPqCYtBHikz
2023-12-21,267.0,nPaWkklVIkfcpMAD
2023-12-21,271.0,fKcENjxoEBKDp
2023-12-21,290.0,ILxEwyfMCvQOxjzsXIFfcRl
2023-12-21,303.0,kzD
2023-12-21,317.0,AqrTEFEGkRNswQHhTfCeUs
2023-12-21,325.0,CNI
2023-12-21,327.0,vtloyLkNDbN
2023-12-21,332.0,ddesedacefaf
2023-12-21,333.0,xftbqwJex
2023-12-21,336.0,YZSBHOpthevTNlRhYPbWS
2023-12-21,346.0,IzdHncvegkfxBzacLwXmK
2023-12-21,353.0,yftKFRuoyaMgdefAORAJYtrcZ
2023-12-21,355.0,hVqfmMFjmGSL
2023-12-21,418.0,hvJxGvXJKCcVYvT
2023-12-21,422.0,edizxrhJBCCxhWeeXxLtT
2023-12-21,425.0,fnpUujqapWQ
2023-12-21,454.0,hUkUriyRDEei
2023-12-21,464.0,kZJlcFOaDEXQrTXsLHhncj
2023-12-21,469.0,kzndjWonerq
2023-12-21,476.0,GgxsNFBONQjgthXRkxFQn
2023-12-21,482.0,cvkWOlrYjAhUDHueZxLPDWR
2023-12-21,494.0,JDBcjwxAumh
2023-12-21,512.0,pwlcVVXkpGTljZBzNJ
2023-12-21,516.0,LVmMH
2023-12-21,548.0,TtAoyVriobjvS
2023-12-21,551.0,LjkNMgxPDBmmTIpgLFWbT
2023-12-21,566.0,MRADIRMLnBeqAqRXUkSeb
2023-12-21,579.0,wNQQvtAiUEsyBvMlK
2023-12-21,581.0,PtYlZhkuubvqKHLyDRWckqkjE
2023-12-21,611.0,SrojpletlpkT
2023-12-21,627.0,DkySZhSqeFsDLbaACec
2023-12-21,629.0,TKiiyFUzNiHTG
2023-12-21,641.0,TOdCEnROJYWocfuSTYCuNrHJ
2023-12-21,655.0,xINrstPwUySAWjTScqYYmdUt
2023-12-21,656.0,cMVepxbAwBmIFMOjEH
2023-12-21,658.0,HrviOwWJZbPCchfOCLKO
2023-12-21,697.0,fxZnrvTppdNwlyjr
2023-12-21,712.0,nJABeOzsmqVwtGg
2023-12-21,715.0,msmHcDnOlVEr
2023-12-21,723.0,oJGZ
2023-12-21,738.0,EswNpvJqXuptEEaMcsiZM
2023-12-21,741.0,cADzWfMRQOjhHkkJARkk
2023-12-21,753.0,KGHGlAKgHnHMvIrwHWWZyNlvZ
2023-12-21,772.0,gMpelWXSeGINnPbzJNsM
2023-12-21,775.0,oEOah
2023-12-21,786.0,FuAvkbIqVgokcAkxVY
2023-12-21,809.0,TVjGPdYcXZDTm
2023-12-21,812.0,xinbccVXgUoRrijuXMA
2023-12-21,817.0,GcJVIFTApfEhMIXgNKvOJR
2023-12-21,822.0,vTODcCpKRCPDrcGjtJtkOdQcO
2023-12-21,838.0,htZMkJWFAPqDUQZLOIIuH
2023-12-21,840.0,UZxnxgjshtwuX
2023-12-21,854.0,fgZdvPeTVjCUkIuLnxNlPWx
2023-12-21,855.0,tucvxxTbMfIdMRXrk
2023-12-21,857.0,PdzFMzcDppQNwBJeJaWfZBYo
2023-12-21,862.0,oWPiowTqLzDFkS
2023-12-21,869.0,YVJWDK
2023-12-21,872.0,jsJxpbvvnMW
2023-12-21,923.0,FhMBenqvgBRdLUzpmWFaPp
2023-12-21,933.0,PrUKlQynibsvJASuQmATU
2023-12-21,948.0,lQDZYHyC
2023-12-21,948.0,RzaTtkWCRAIXjOq
2023-12-21,954.0,XUCQzaEIahdsnDrJg
2023-12-21,968.0,kMCMCaPPHzy
2023-12-21,975.0,fHyRNKO
2023-12-21,977.0,DHcBoEOeIVgjOEFanWcjfEDbW
2023-12-21,983.0,oicthkLwlBmaOpzz
2023-12-21,986.0,NpptcpRJARs
2023-12-21,1010.0,TxXNAgULVZpOA
2023-12-21,1026.0,fcpylDs
2023-12-21,1043.0,JRRhbeFCabkgQbhgYxgEkR
2023-12-21,1052.0,YrTSOdCMFvWOwdUeYT
2023-12-21,1069.0,LEUGMHAXeMqpGmzRZ
2023-12-21,1106.0,KRsiJbHhclG
2023-12-21,1125.0,asNTcRXzkmUiVVExxAK
2023-12-21,1139.0,voMSIYdjNAzlpbicnlsHe
2023-12-21,1148.0,kMP
2023-12-21,1156.0,nHBnyswMgdzb
2023-12-21,1175.0,lRqwn
2023-12-21,1190.0,iaQ
2023-12-21,1191.0,SMP
2023-12-21,1197.0,UiBOSioOzexw
2023-12-21,1203.0,FBmacKNlOblnbjBDdOjKE
2023-12-21,1214.0,soHcLXcGsrCn
2023-12-21,1274.0,OFpnQysRtKPpRewzhe
2023-12-21,1287.0,kMzST
2023-12-21,1287.0,oGaMDyGdHqAwWoFD
2023-12-21,1288.0,nOeXlQeWOLzRIR
2023-12-21,1297.0,FDyitP
2023-12-21,1297.0,iXNdThGVxyW
2023-12-21,1328.0,GiWkgY
2023-12-21,1328.0,RzDpafPoRnPB
2023-12-21,1335.0,pGXPn
2023-12-21,1343.0,FCCYv
2023-12-21,1354.0,MfoCljmHZJzTOSAIHhXp
2023-12-21,1357.0,UwoEbLnLGTl
2023-12-21,1378.0,ZYFPgjAP
2023-12-21,1379.0,rRYLFcidPf
2023-12-21,1386.0,NWTQwhFsCycEnvWFxkcKupdZ
2023-12-21,1411.0,KauObb
2023-12-21,1417.0,oxrTscqGMHru
2023-12-21,1423.0,fhTfbMjbcNVHWV
2023-12-21,1434.0,wroVoFrzurQD
2023-12-21,1435.0,rfmqvTGj
2023-12-21,1446.0,xhgoIv
2023-12-21,1472.0,DZarOYJPFHek
2023-12-21,1475.0,LnJgnZF
2023-12-21,1482.0,kFCKCefsTKmaLpz
2023-12-21,1483.0,nYXoVgWmNNScCMdHMJUv
2023-12-21,1492.0,ogerHWPFKNfMf
2023-12-21,1509.0,eoapEuXFa
2023-12-21,1511.0,SCznNSrNxceFHLwrdArAr
2023-12-21,1540.0,YRsYRjV
2023-12-21,1545.0,AOMUxgwUVlSIUGoANWo
2023-12-21,1569.0,zSsKjIEGBApBrJeBVst
2023-12-21,1572.0,mAPCbtsFWfTOz
2023-12-21,1581.0,GLWPTLjOaVvR
2023-12-21,1619.0,VebAWizfCJb
2023-12-21,1622.0,raMvplthKSgnpZrjeX
2023-12-21,1624.0,YxVkrqKWhQMZeYZr
2023-12-21,1628.0,kIVRRXOlzh
2023-12-21,1667.0,nXOiFFPZjdjxwXCks
2023-12-21,1669.0,QvlT
2023-12-21,1669.0,aOOHCxFJPmOohpqzgDbLaJEzU
2023-12-21,1672.0,ukzccbOAZbyoHB
2023-12-21,1680.0,OHfuRgD
2023-12-21,1680.0,JCkTxiyEupkR
2023-12-21,1689.0,ystFQgYjIqdVTcoyFHWWA
2023-12-21,1692.0,kfdbpeaQwpUroxfVROtuFWwbm
2023-12-21,1698.0,nOexIOhNHJWuQBzbWWaY
2023-12-21,1715.0,nyFfqT
2023-12-21,1732.0,EOBdIpmOPplmcL
2023-12-21,1746.0,TRELhMETsoWHXVplpf
2023-12-21,1750.0,BMxNKkaPEsFc
2023-12-21,1771.0,olPwKKt
2023-12-21,1778.0,jQZMEX
2023-12-21,1814.0,INYhllNvRpyOcBPnUBlFUs
2023-12-21,1848.0,fmBmBmGsiXdzmkVWA
2023-12-21,1883.0,YpWHsfUHHEfkoX
2023-12-21,1896.0,xQpktBKwOTuLTYmDse
2023-12-21,1900.0,BSkLjRVOCSsnatJ
2023-12-21,1904.0,dLSxVdUewezlsAOGLRQcIN
2023-12-21,1905.0,rzxygrtVkPsPbsPKDqJUSyV
2023-12-21,1914.0,XbqmymJpwOw
2023-12-21,1915.0,qhgLiGRzMeJtsERKfuXSqqDrr
2023-12-21,1918.0,DqZik
2023-12-21,1934.0,jiwPuRiKgAtAFZKDx
2023-12-21,1935.0,TEhpQyWPRxgXJCTHT
2023-12-21,1967.0,fsHZAEXTLC
2023-12-21,1998.0,QRcqm
2023-12-21,1998.0,LiHZShSbcwYOgfoFtIHLgYzx
2023-12-21,2001.0,ihurOXkS
2023-12-21,2011.0,bOlnTZqEopZub
2023-12-21,2011.0,EtJgsdXAghmMuvQurEV
2023-12-21,2033.0,YBVZrcHNPchEbHhbMle
2023-12-21,2060.0,SEpSiwJs
2023-12-21,2062.0,dSTPmGCCLTqVkdbnZXrxl
2023-12-21,2085.0,LqihrjBNWyvmWB
2023-12-21,2095.0,HlGBV
2023-12-21,2095.0,uvfTkRUtWWsjoBhEXrEr
2023-12-21,2119.0,ZKPF
2023-12-21,2142.0,vsXMzWDTsMjHoEhZPPVjS
2023-12-21,2143.0,qGcMuo
2023-12-21,2159.0,aimWR
2023-12-21,2174.0,BlZspciogJdnfHHaUoxPtU
2023-12-21,2186.0,SGRnuvW
2023-12-21,2199.0,CuGQqNr
2023-12-21,2201.0,bLCjSj
2023-12-21,2247.0,WXZpl
2023-12-21,2249.0,VQKjjAuxviC
2023-12-21,2254.0,XOZa
2023-12-21,2256.0,qrImYAviRISBOyUaPEj
2023-12-21,2272.0,aRnY
2023-12-21,2292.0,rEVDpMapWOptyxg
2023-12-21,2298.0,OFGRFDJffkIyX
2023-12-21,2304.0,gTdulnRASkl
2023-12-21,2318.0,vGBRcdBPCqxbV
2023-12-21,2402.0,szMCaveeEdZSWOkhDKPngl
2023-12-21,2417.0,iIyaVgKCDQNcg
2023-12-21,2419.0,XgmNUN
2023-12-21,2424.0,utcMsJGSkkazsSVvKH
2023-12-21,2430.0,VvqdhakJkrrKIfWFuKGeasff
2023-12-21,2432.0,bfhEbUUaPrgLlksqVmZQZc
2023-12-21,2462.0,mhuKo
2023-12-21,2492.0,zdBrZgSXSATMtGA
2023-12-21,2512.0,jYMcOQELjYa
2023-12-21,2519.0,asfJIf
2023-12-21,2542.0,GLYaJfxYEYgqACwi
2023-12-21,2544.0,tyMFDExTbpCfsufYPYjvk
2023-12-21,2546.0,wwql
2023-12-21,2569.0,jvLdUUZxUWTr
2023-12-21,2573.0,cBkRA
2023-12-21,2574.0,IaFLZhppZwILyXTp
2023-12-21,2581.0,QNynrlwEEimu
2023-12-21,2587.0,wBpeNilOGfhfRJQztqiSxDgGw
2023-12-21,2588.0,tYncY
2023-12-21,2591.0,bYqdWMVpGmcWryJVIYQWITR
2023-12-21,2596.0,OYAQHhAXcFcXK
2023-12-21,2631.0,csYmuufOaaPXOYfnMTR
2023-12-21,2654.0,jOUmdJwflgAjGQhiUhOZYbSgt
2023-12-21,2655.0,txkPEodJjEq
2023-12-21,2657.0,ofXHlKTJjYeCAiIHuavlnBaW
2023-12-21,2669.0,qZqRFgFZRrPHgvWkhv
2023-12-21,2672.0,SFfscfqtzqyCjmN
2023-12-21,2679.0,uZFwdWQXBYjVOPMFBpA
2023-12-21,2687.0,KmzWuAdfJlhEYLvLNXucgMx
2023-12-21,2713.0,rVzfXXTqlCSAiTo
2023-12-21,2714.0,iCaekUxSwsPiEJWPHXhXulRC
2023-12-21,2738.0,LiIpgLHf
2023-12-21,2773.0,dQDqMPiJfd
2023-12-21,2794.0,qJjlezFYVVdDFQZUEvBwrF
2023-12-21,2822.0,JqqgKhUi
2023-12-21,2835.0,IxGpKcjsvPbmrzQAJ
2023-12-21,2837.0,unyADcq
2023-12-21,2841.0,WWLnxgnPaXApQuils
2023-12-21,2842.0,cbItYILpt
2023-12-21,2854.0,tYqHgYUhagbyVjegnZhnqSuPI
2023-12-21,2855.0,aJKw
2023-12-21,2856.0,xctillbVauMvZQWS
2023-12-21,2858.0,KiTyfrIwKrDGZJRb
2023-12-21,2863.0,IXlDhrL
2023-12-21,2874.0,cOvG
2023-12-21,2887.0,wzayjbHTIx
2023-12-21,2894.0,AhYOXo
2023-12-21,2897.0,MpDIWHcrp
2023-12-21,2911.0,ItPeIEmpy
2023-12-21,2922.0,uSfVkgYQUoZFVjXNIejMbCkV
2023-12-21,2929.0,OtrTPQHkXmvcGhjoy
2023-12-21,2934.0,yrY
2023-12-21,2942.0,KmoCNikdkbYLx
2023-12-21,2948.0,ayxfpNri
2023-12-21,2988.0,jRLVGGe
2023-12-21,3008.0,dVGzwyQqL
2023-12-21,3022.0,QSrOmwFE
2023-12-21,3033.0,SYgXzSeLQTcx
2023-12-21,3041.0,LCeHoP
2023-12-21,3044.0,yHUWtvrOgBoN
2023-12-21,3046.0,LhyACKZGhvVZvUVm
2023-12-21,3046.0,fwIzOwtng
2023-12-21,3052.0,gcUK
2023-12-21,3078.0,XZnanrEx
2023-12-21,3087.0,mKohYAPSSerXspXwoi
2023-12-21,3102.0,xwUaMqeIZPIrkqpdabaLo
2023-12-21,3106.0,aDYPOIPjAZSkUuStjcf
2023-12-21,3113.0,dXtUqOfOhJfVeNmJCO
2023-12-21,3114.0,fjA
2023-12-21,3145.0,KyYsqRGPiMnAyv
2023-12-21,3153.0,nyJHDmmAmJOEsmmbR
2023-12-21,3156.0,erxFJPWMBTHzHhwYKZ
2023-12-21,3165.0,srWbilAJSOnMprDWQUjR
2023-12-21,3225.0,cZlGCiYGHZnIPQEenCu
2023-12-21,3240.0,VrNlGuSviOFgCdhf
2023-12-21,3255.0,NuXi
2023-12-21,3280.0,KLZMvLWF
2023-12-21,3293.0,AYygEzmAEvpDjIfw
2023-12-21,3303.0,tqdInBcqduaFaTKCGIMxe
2023-12-21,3310.0,Rni
2023-12-21,3322.0,hNtBxsuolXAa
2023-12-21,3334.0,jZm
2023-12-21,3336.0,SrqgAwkjxHNykCOhdPGXB
2023-12-21,3338.0,JNmEC
2023-12-21,3346.0,tuyzsAEqwxI
2023-12-21,3376.0,cxdagfOk
2023-12-21,3390.0,ChIudRKWgbwyGxoNdbkCoSYfj
2023-12-21,3413.0,QsBOhOXipdTyEoLlwZG
2023-12-21,3414.0,dKFPciGiCOmOPoQEWPTBt
2023-12-21,3421.0,JjAaSARV
2023-12-21,3423.0,FcmgYxXXLNGjpOBGDKu
2023-12-21,3430.0,SxT
2023-12-21,3438.0,yfCwgvSQKhAEXqPruhBtFIc
2023-12-21,3445.0,xwTOzxJEpyogjtqmCYCKjW
2023-12-21,3453.0,Gxh
2023-12-21,3461.0,UOUgyBQmmIdAldzyMmKmf
2023-12-21,3462.0,WOf
2023-12-21,3464.0,AIMceerZNpcJmbd
2023-12-21,3483.0,dPJBRsttUze
2023-12-21,3490.0,XQEDZmmgrIKLmWdtKWMsaCWO
2023-12-21,3497.0,OXye
2023-12-21,3498.0,veJlrJdaNIoJZCYGPKPB
2023-12-21,3514.0,TfXcSEiLAp
2023-12-21,3515.0,owVKEeDTWCReht
2023-12-21,3517.0,CBDgjRVHgkEWBUBGUqEwbxUI
2023-12-21,3520.0,YdBzPZVGqZiMTZnaXimSvClm
2023-12-21,3527.0,yrsJRG
2023-12-21,3542.0,ProRiLZRsoqgTrqcMODHnC
2023-12-21,3552.0,NFE
2023-12-21,3552.0,Lkz
2023-12-21,3594.0,RiiRQ
2023-12-21,3595.0,SeR
2023-12-21,3610.0,GDouFVrfEYxLA
2023-12-21,3610.0,xMdXHNmNAJtVCLMOHl
2023-12-21,3642.0,cYolOmCsgKEUwNfSJkTvfCNjs
2023-12-21,3645.0,pHlQnLWqfErsHRcjOrPcENfhL
2023-12-21,3653.0,ZSpVZYvIEZq
2023-12-21,3657.0,LeDiVGODAqnKSsOiYNfWFrZb
2023-12-21,3663.0,bibSce
2023-12-21,3668.0,aAYZ
2023-12-21,3703.0,yWKNKyWujPMzc
2023-12-21,3706.0,TUrNglSqKegzTfNrvjlUP
2023-12-21,3711.0,nRzyZz
2023-12-21,3730.0,hVnFbxzOfcvWgQZWHvaPyUYd
2023-12-21,3732.0,BDROQAOPuWakmWWHoWTneHpn
2023-12-21,3766.0,yoKjmrIYIOhCUGsizqRvyt
2023-12-21,3768.0,zLHSJtzlDBJpXCiGfJiOMN
2023-12-21,3772.0,RyYHsEJzP
2023-12-21,3781.0,EpLPlKxLlwQaarIixrUWPyJz
2023-12-21,3792.0,WPTvCCl
2023-12-21,3815.0,qOlNpVFvBGqCNdplMVqpoA
2023-12-21,3833.0,JhTJzEg
2023-12-21,3842.0,YFBvHvnejRqagljYhEOL
2023-12-21,3854.0,KfsN
2023-12-21,3861.0,qLHHgXVeSxtkLNKgKsoItPMSS
2023-12-21,3894.0,dMcy
2023-12-21,3915.0,utUrBbb
2023-12-21,3919.0,zxmjFhqwTOuqVwOeNURfqvL
2023-12-21,3920.0,RHc
2023-12-21,3926.0,fzUYBXD
2023-12-21,3927.0,LEqJTyIgDJmu
2023-12-21,3936.0,aquZAuZQEyl
2023-12-21,3955.0,BlQZHDMFDVBB
2023-12-21,3962.0,uOGu
2023-12-21,3968.0,amgKJujwyPSIQSPurqbaG
2023-12-21,3998.0,FOD
2023-12-21,3999.0,uSWghYOexXZQwKMRwKlZqir
2023-12-21,4000.0,cDAyyGTCPtFaPmA
2023-12-21,4006.0,bRaJBtgjaFTczJnL
2023-12-21,4017.0,bsy
2023-12-21,4024.0,HovMXphxYBXsbxh
2023-12-21,4048.0,qYrPzNaAXdj
2023-12-21,4062.0,FFSUMBshfeUUy
2023-12-21,4067.0,vIAqnMyqENtKlfJmoaZy
2023-12-21,4073.0,WJauMaCuPmlrooDFe
2023-12-21,4075.0,IMUpVLUGSkeKKfLangii
2023-12-21,4076.0,DkHfovEJWaBto
2023-12-21,4088.0,sgwwNYwjBEmgn
2023-12-21,4105.0,CpflomgRRdCJjYx
2023-12-21,4108.0,ZJYHEmOwc
2023-12-21,4111.0,IWcOQ
2023-12-21,4125.0,nuaINMbqZpTD
2023-12-21,4131.0,SOKIWxLCqHKS
2023-12-21,4135.0,dxijVxmcbwCTHDkRn
2023-12-21,4148.0,mMvrODwEMLfvN
2023-12-21,4164.0,CVVJxTjOBXiKlVlxr
2023-12-21,4170.0,LxVHpNmuHcBEchG
2023-12-21,4178.0,IMbNOKSuuuyMaopvyr
2023-12-21,4185.0,KphHEhNCIooRdZAOBcpEZgkM
2023-12-21,4189.0,wzWWWlVEUlRjprPshHAonuA
2023-12-21,4192.0,sfWiRahCHQWUqlG
2023-12-21,4213.0,zIThmOBPDac
2023-12-21,4244.0,YQXDtIKzrcgsyVzDwoEUqSq
2023-12-21,4250.0,IVnKFthKKXtVF
2023-12-21,4255.0,OpnBGSxQcCebzQZPIpLF
2023-12-21,4260.0,fMOEIeGvowApYoeilJt
2023-12-21,4272.0,xrUfOGapldRQRE
2023-12-21,4277.0,uNFu
2023-12-21,4278.0,MqWtILhlbeIXFYziBsofKonv
2023-12-21,4283.0,UVxfBvwAMFyXGrO
2023-12-21,4296.0,vEEy
2023-12-21,4296.0,APwpcOCKhWR
2023-12-21,4303.0,bKIAyhEX
2023-12-21,4312.0,HHoDxbSHoIuzitHKF
2023-12-21,4314.0,IrdrLLhhZJkFY
2023-12-21,4329.0,zIlDxoxOWK
2023-12-21,4351.0,JfqZxHQCK
2023-12-21,4377.0,fLZUtDveNmTjLJfKOSas
2023-12-21,4387.0,ObyjiBRPL
2023-12-21,4393.0,KNLBnERcrVhNwDmrHJrdTasdU
2023-12-21,4403.0,wsLTwfaph
2023-12-21,4405.0,PYAHmGjl
2023-12-21,4408.0,VtwODeBFORIFtWrLDdX
2023-12-21,4408.0,GYkvUNSwKea
2023-12-21,4411.0,rOxQTGvcns
2023-12-21,4415.0,ICxtYWjfbwgjRz
2023-12-21,4419.0,XItrkxKKHcVZIyk
2023-12-21,4420.0,upOI
2023-12-21,4424.0,nQDTgHC
2023-12-21,4430.0,dIbOFEvd
2023-12-21,4431.0,nfcfxQS
2023-12-21,4436.0,NqxVmpfGSPgF
2023-12-21,4449.0,jjNFssuIuUrC
2023-12-21,4456.0,yqLspt
2023-12-21,4458.0,xHto
2023-12-21,4460.0,rpjfUaKuTPxav
2023-12-21,4477.0,UoNjtjt
2023-12-21,4478.0,cdexvSrdIGcQAwJbHTlnnY
2023-12-21,4478.0,ZqrpgFJSCtBLd
2023-12-21,4482.0,FWMrMUNdvYO
2023-12-21,4483.0,IUhNJlR
2023-12-21,4495.0,JimlqiuvEWENWSBlyQZoI
2023-12-21,4499.0,kCZXumaZxBbGwdNlygqU
2023-12-21,4512.0,qHaidYGhRhsqkniXPlqXM
2023-12-21,4520.0,giUIGruqqYpahLyCut
2023-12-21,4532.0,CgTcgFzoOIVSwhK
2023-12-21,4536.0,JDPAKltl
2023-12-21,4543.0,AmOMfbnIgn
2023-12-21,4546.0,NCblHFDzoIiTNWkhXniakMSh
2023-12-21,4562.0,mfun
2023-12-21,4573.0,vLGjyTtOuRM
2023-12-21,4582.0,YDQCjMIKKAGhJPgxGd
2023-12-21,4583.0,CnEUbFoBfGp
2023-12-21,4590.0,uRCfEujVG
2023-12-21,4606.0,uDFpUsonTWpW
2023-12-21,4617.0,JQoWXSIlsp
2023-12-21,4654.0,dfFnPPqli
2023-12-21,4671.0,LwoOCP
2023-12-21,4689.0,ZwtJeVdyC
2023-12-21,4695.0,yORkSVHa
2023-12-21,4720.0,xwsXfsuFpxJcIDBPSzVmtlMYq
2023-12-21,4726.0,UVrBjOEqOo
2023-12-21,4742.0,RvVY
2023-12-21,4772.0,uKLzlvTwOaDaaBksMOD
2023-12-21,4792.0,tSLCyeIjpVzVj
2023-12-21,4793.0,iaEszOzMXgOOvbdGYatcDrytq
2023-12-21,4811.0,BHdG
2023-12-21,4811.0,GhMevhp
2023-12-21,4812.0,exmQslWaCmcszBeHzCOEcIt
2023-12-21,4825.0,atpAgCDEMKvraJDAtxrA
2023-12-21,4846.0,LwWhJqRtgMhh
2023-12-21,4847.0,WeqFomdogpbw
2023-12-21,4852.0,mUinqPGNwtOkXhKtEvuaVKxLt
2023-12-21,4853.0,uBnPhGvhmYAZiqwf
2023-12-21,4856.0,CfSNOsZJLCRNPmvqhQn
2023-12-21,4871.0,elvSojdstfzmlafjwuAiGozQ
2023-12-21,4877.0,dOjnrgJrXsekztG
2023-12-21,4881.0,yDzryLpPhcqEmGpkAvV
2023-12-21,4908.0,QFTDi
2023-12-21,4913.0,VTEvNPjkS
2023-12-21,4928.0,cPNbLYYw
2023-12-21,4945.0,pLed
2023-12-21,4958.0,FbGVtAu
2023-12-21,4958.0,UMYdSwglQdmHWdx
2023-12-21,4980.0,NvTdRlbiOUVibwfaTur
2023-12-21,4981.0,diqlzk
2023-12-21,4991.0,vkBeYBeeCkomDkkDAoC
2023-12-21,5006.0,VCzBlrVQDNJzE
2023-12-21,5029.0,tOSL
2023-12-21,5052.0,TiaIkhIdlYRWcVvutleJt
2023-12-21,5085.0,bKuggAhnBOhNDzTTUUUfn
2023-12-21,5101.0,ZNNnXEJ
2023-12-21,5106.0,PRTivfItVskjxz
2023-12-21,5111.0,YOAZtKmrzxHNDFTOAjRAcX
2023-12-21,5111.0,AbBhFawPKuSKvIBIiTPR
2023-12-21,5116.0,tYl
2023-12-21,5122.0,FAfHRZT
2023-12-21,5133.0,wqAJP
2023-12-21,5146.0,mUXOLOasdBgksik
2023-12-21,5179.0,qzwbePf
2023-12-21,5181.0,NepMJTnBElmoEzp
2023-12-21,5204.0,UEfpSaihVZcA
2023-12-21,5212.0,FKMkZwNRq
2023-12-21,5220.0,TyoHLkPNkcl
2023-12-21,5232.0,TEwNYXRbcPLtxORaMqWah
2023-12-21,5257.0,GHFQDmge
2023-12-21,5264.0,JPKmtLBKfPNy
2023-12-21,5281.0,iaGZ
2023-12-21,5301.0,tsMyRgPcDCbnTrzrRAgF
2023-12-21,5319.0,ijojlSiNptINSd
2023-12-21,5326.0,tAlHbsqXekdQOcENus
2023-12-21,5336.0,TEUZVC
2023-12-21,5338.0,MbYzHGh
2023-12-21,5344.0,iTrQOALPqgPaTwdF
2023-12-21,5355.0,RdHBdkYW
2023-12-21,5387.0,eDzobKBODZOE
2023-12-21,5390.0,tdoyfQzdjNHQFnyXqvMAeZDd
2023-12-21,5396.0,ZkK
2023-12-21,5426.0,MgQoccEmWmvIJMOmnrHuOj
2023-12-21,5440.0,tJSVjOIkQqz
2023-12-21,5443.0,RtxbJuWDiyhSXxA
2023-12-21,5455.0,zzplVzATnjgcMxINFUKMjS
2023-12-21,5455.0,vtZbHOmhrHeMWhvARTmMPnPhs
2023-12-21,5463.0,GQblDQICpkvsNEDfLHVUv
2023-12-21,5465.0,CjNTUyTxDixFUueNa
2023-12-21,5475.0,btygPwfbHE
2023-12-21,5482.0,kzTdqDhqltn
2023-12-21,5486.0,Swth
2023-12-21,5493.0,EnhYauOQtYNlJrQWFPwQWIwyg
2023-12-21,5499.0,RPuoXVGVw
2023-12-21,5512.0,wFZkKLnRKfJcbUxCicF
2023-12-21,5529.0,cAG
2023-12-21,5555.0,ogbRphYcMtkmGmcPkMmbq
2023-12-21,5555.0,JaKiImtNlbiWMr
2023-12-21,5558.0,GuJEspDbBrJsiiQZTUanbzjQ
2023-12-21,5565.0,rJIHvolBbZvjomKsisH
2023-12-21,5566.0,DhSLElvxo
2023-12-21,5585.0,vxVYsZlIIxGxW
2023-12-21,5588.0,LOqNFFk
2023-12-21,5605.0,TmCkcifpHA
2023-12-21,5624.0,zTwrXukDITDSPOeF
2023-12-21,5648.0,QcuNajumTGFPaYJnSn
2023-12-21,5666.0,elOanjSUYWrBCgoUjCefflf
2023-12-21,5707.0,RfAUfBk
2023-12-21,5712.0,uirXNSHrwrWNxyczN
2023-12-21,5736.0,LiAIDJygrRVyBHWFtiqLqbYm
2023-12-21,5743.0,bKd
2023-12-21,5756.0,GibHwfvtqOmZFTVJ
2023-12-21,5757.0,CyuflntEjwjUbFUUISMWp
2023-12-21,5765.0,JJSZaPRHpYJ
2023-12-21,5817.0,nzsrTpjeJNIXEE
2023-12-21,5858.0,nDv
2023-12-21,5861.0,xKgmgEJJyATCZCglu
2023-12-21,5872.0,OpsJCmCMWVwaVp
2023-12-21,5874.0,TUZau
2023-12-21,5904.0,OOJbfDwxe
2023-12-21,5945.0,yePREivRekqGIKjjrSpY
2023-12-21,5950.0,KUKwqqcEQVKNoB
2023-12-21,5952.0,npsieAGCKFQZqiHLXeGby
2023-12-21,5957.0,EnwZNNGlZKmHjUVsLE
2023-12-21,5995.0,CeD
2023-12-21,6010.0,GokITvYAXNpHpucmApa
2023-12-21,6081.0,YMeOMxHBAKHF
2023-12-21,6094.0,xZwGgQlFxqIWZH
2023-12-21,6118.0,cGTYLAHtTRbAZTrTpCYps
2023-12-21,6121.0,WrsRGye
2023-12-21,6130.0,QWPkGKBEfPRXpKEF
2023-12-21,6142.0,adKnqkCFJco
2023-12-21,6145.0,IqfVtWYXMWYBQEDrEDO
2023-12-21,6149.0,WGagxJGOFEfCnlNJBJTYqrig
2023-12-21,6173.0,Gpo
2023-12-21,6181.0,WdBfYTlaMcilc
2023-12-21,6181.0,aCKJJ
2023-12-21,6191.0,swXNDfjftreqMtECIjQAa
2023-12-21,6192.0,EgoCSqnEfaOKnNcBLTrXWE
2023-12-21,6198.0,uqzuzTtaqumNB
2023-12-21,6223.0,ccANKutLQKLfiYDUpt
2023-12-21,6228.0,raBcA
2023-12-21,6243.0,zVIy
2023-12-21,6278.0,OtZuomVfWZCkpLGVEQwlth
2023-12-21,6283.0,QQJkOnqlJvChbEKI
2023-12-21,6313.0,QkReXwaPTmymuMrtOQYaoP
2023-12-21,6326.0,VohOW
2023-12-21,6340.0,IQVvBdWuRetyyKmA
2023-12-21,6348.0,oaNaFibGmouesKPvcZbIAhyA
2023-12-21,6356.0,KJzsqt
2023-12-21,6384.0,ryPHVxEfXPCbAkgoLigT
2023-12-21,6388.0,aElXFuBIZdZDSJCIwgjCjZ
2023-12-21,6403.0,nrvBRAi
2023-12-21,6410.0,xreApwBYemExWEOmadHsvUgmw
2023-12-21,6411.0,NMGGqiYSUnLQHNSkj
2023-12-21,6416.0,lWvQfU
2023-12-21,6425.0,WHYQGblnHSLcGghDTwOmbV
2023-12-21,6429.0,tSKbyoUq
2023-12-21,6448.0,VdMHfUANeTRLQBtWsLQpUMCJ
2023-12-21,6453.0,hnmgUXYHquoZuQ
2023-12-21,6454.0,JPTQopJWSNMUhSpbPurW
2023-12-21,6457.0,daokRaYgGjhrQfegYjOlFpjAY
2023-12-21,6477.0,HgjIZiWFA
2023-12-21,6483.0,FavaBUrgiDxBMcC
2023-12-21,6484.0,ajyrdoblQmHmNlItFrkFGP
2023-12-21,6508.0,tzjmbcxXaygTrkUwlY
2023-12-21,6519.0,vcgjnhrVuNpiosZvCEvJd
2023-12-21,6522.0,xobyl
2023-12-21,6531.0,nzJYClxc
2023-12-21,6542.0,SNfwAAzynFuvaLomOEuZl
2023-12-21,6553.0,INyrBTb
2023-12-21,6556.0,TMLbeqMTUOsJzj
2023-12-21,6584.0,WZSgiLRQfIzQmEFOH
2023-12-21,6602.0,LBspOkxRfQKBifln
2023-12-21,6631.0,HMFdXbTSbUffkzr
2023-12-21,6632.0,RTf
2023-12-21,6638.0,OFWBlN
2023-12-21,6650.0,MrgWhyRxpX
2023-12-21,6654.0,TkkoY
2023-12-21,6662.0,BXUS
2023-12-21,6680.0,WvfvQobebVuchCdklshG
2023-12-21,6687.0,dwDGuSQPrQAOIOzlBiAf
2023-12-21,6696.0,DgLnOugmDluULT
2023-12-21,6698.0,ohrhMTzqlUqHsH
2023-12-21,6699.0,waty
2023-12-21,6701.0,SHWWQeCFt
2023-12-21,6703.0,SNGmiwPQPeIXybcirzojblVx
2023-12-21,6730.0,luNohqebTLDkldxNPYYo
2023-12-21,6734.0,kGYMxdqMMVcCboQhECFfbS
2023-12-21,6738.0,XqSknjlINMaULSh
2023-12-21,6739.0,LaItzlZlmOkMUTfIlro
2023-12-21,6752.0,zosrkSypT
2023-12-21,6758.0,OITsIZGzNcd
2023-12-21,6761.0,ESHoeVsyBjAvlbLJvhjS
2023-12-21,6771.0,oiODpQjzpZVEOcJTVHf
2023-12-21,6773.0,ztKpiKOpEADdsJsQPqc
2023-12-21,6773.0,QDMMLlYZruetxHBvnl
2023-12-21,6793.0,DkESkrBVoXdQtZXPpPp
2023-12-21,6816.0,UbOYVyT
2023-12-21,6816.0,fdfyzt
2023-12-21,6827.0,HfKAbBzMladw
2023-12-21,6852.0,boCSyRvfkAF
2023-12-21,6856.0,FUpkEBunYFmPUBAG
2023-12-21,6859.0,EgECfGFVG
2023-12-21,6860.0,aoXC
2023-12-21,6867.0,foxib
2023-12-21,6870.0,QxLnBUombTbucgahOZfdnm
2023-12-21,6877.0,sLyTomAflGrsDgKxfWO
2023-12-21,6884.0,tOKEGkVlghtbjzXFplkeyvg
2023-12-21,6904.0,lTVXh
2023-12-21,6911.0,OCXpvlUCtesaDedkljV
2023-12-21,6931.0,dCnzUtiFLnhnyFVKtFfkUFeJt
2023-12-21,6942.0,GgOOHSIHEMJqWcCgSqblo
2023-12-21,6946.0,lQf
2023-12-21,6974.0,yXdAdVTNcUfvcarygxRIKbgXg
2023-12-21,6983.0,UmdKzUXKEOM
2023-12-21,6985.0,xzB
2023-12-21,6996.0,UaQcufurydiSSFVSblOI
2023-12-21,7000.0,rCBJFFJtKeykQb
2023-12-21,7002.0,bSZkHmndBXJSczfr
2023-12-21,7036.0,pPnrumEhydHbQqrcAGZis
2023-12-21,7045.0,EFTyPdlkxDGFEuV
2023-12-21,7079.0,VjQFWUpqM
2023-12-21,7080.0,GvXifDW
2023-12-21,7093.0,TsIjhVHhUaUVFdJHjWBSkhKrK
2023-12-21,7094.0,rKyTZGWHKfCxRnMuKVO
2023-12-21,7096.0,PnOFJFwdQdE
2023-12-21,7105.0,mqImD
2023-12-21,7108.0,gwmhjWVoOxzMXetjtiC
2023-12-21,7153.0,LlvUHmuyuRP
2023-12-21,7156.0,zUliweJzjbuisDOTOXNQEYkkm
2023-12-21,7163.0,xPsNwPS
2023-12-21,7170.0,QbjxfQyfKRMWEkjMx
2023-12-21,7178.0,zWrweJqxwfGJo
2023-12-21,7191.0,sAv
2023-12-21,7210.0,ICvqqIQHLSDSGsvQqzXWM
2023-12-21,7229.0,yJUbWiEgR
2023-12-21,7233.0,GgHIaJQDYfwDnsZYZqxcPNGM
2023-12-21,7243.0,ntG
2023-12-21,7259.0,SzwCKOryZoqKYDVvPAtnvyIiA
2023-12-21,7298.0,FUZWmpDCXpzMbfHnljeEKTRQ
2023-12-21,7303.0,vPsCc
2023-12-21,7309.0,bwePsZNDzVmhMjbfPTYpIr
2023-12-21,7326.0,DXCYtvzmU
2023-12-21,7343.0,UThQLAEfTTpxVUpdx
2023-12-21,7347.0,tQnhUSoRlWUehjOGmZLNPkiVc
2023-12-21,7350.0,XVTQBDFryvsjMbuHTXBmt
2023-12-21,7352.0,CXkVowahdqjKY
2023-12-21,7360.0,pMMOPxqOUD
2023-12-21,7383.0,dYxB
2023-12-21,7385.0,LjpcMAjLchSOHbKLjaAwKEe
2023-12-21,7402.0,JKgryvKe
2023-12-21,7405.0,invgiivcUZxzbsFoVp
2023-12-21,7410.0,lXfRRdTFLi
2023-12-21,7414.0,xPmHdzmRODSwUbDf
2023-12-21,7424.0,hxGAojOltOvSpqlwwUBAXiZTB
2023-12-21,7438.0,CGghIyEvsHWvgDqUFDc
2023-12-21,7449.0,lzdWWswvRWOVFqFByUi
2023-12-21,7454.0,hsOgOF
2023-12-21,7477.0,tlbwCoPrDVlpemBOIOr
2023-12-21,7480.0,IHbrpZ
2023-12-21,7481.0,cEpUxiRRmIkqvOWWJvdPYlIW
2023-12-21,7507.0,viNRNseewaHy
2023-12-21,7507.0,cegfqMYVDRPaYBWGZsTpKeyUP
2023-12-21,7523.0,MyUVvFUoJtvpPuAdG
2023-12-21,7524.0,qjdiEGpINamYeS
2023-12-21,7531.0,MgCdcCVI
2023-12-21,7547.0,eGbqH
2023-12-21,7548.0,HsxuGMYXFAkufz
2023-12-21,7559.0,cZRr
2023-12-21,7577.0,xckUieCWQGBJiGcAcBRj
2023-12-21,7580.0,hAQNWn
2023-12-21,7594.0,jzDmFfhuuMtldTBEsIoU
2023-12-21,7614.0,yJLZhWiN
2023-12-21,7634.0,rHwxhYHAIoypwvi
2023-12-21,7663.0,nrfPsRVcGzpSrLkANhttYCbVb
2023-12-21,7671.0,yFzPg
2023-12-21,7680.0,VEUQxhX
2023-12-21,7684.0,PfTZMXohDfLwq
2023-12-21,7687.0,GnBVHoF
2023-12-21,7702.0,sprcUR
2023-12-21,7713.0,CATM
2023-12-21,7715.0,BMhjNkclj
2023-12-21,7718.0,wflubNHAJWG
2023-12-21,7720.0,JVHvzcSEulaiwVFOMxPpS
2023-12-21,7728.0,qgJnZiyspBWQCiZiU
2023-12-21,7749.0,IEURWJGonoAjuexxDETTZSA
2023-12-21,7751.0,WfFGbBZXLnsKEbc
2023-12-21,7761.0,oqpGkoIIWBD
2023-12-21,7790.0,aTCUvjGbhJZMhrJYthJH
2023-12-21,7794.0,vvldFBrL
2023-12-21,7826.0,BNgJfmctHnkgMMgvAS
2023-12-21,7827.0,oyKmBiaotOyhE
2023-12-21,7843.0,PZCEtYiQQcwUYos
2023-12-21,7854.0,WtYEwTXzgrluwrhZZjPO
2023-12-21,7873.0,hTmeaQq
2023-12-21,7877.0,BkZHueAojLDCTNGkFpH
2023-12-21,7881.0,RaKfcprcu
2023-12-21,7883.0,TXiIiSEFfVOQnyb
2023-12-21,7900.0,ZsUXPdIhWfyNLp
2023-12-21,7932.0,rQAQMEvBqensQkyV
2023-12-21,7936.0,cfNEfANxDhnBrZKXG
2023-12-21,7973.0,jWIXzZRFYvszQUhGoURikKv
2023-12-21,8002.0,IpvFATHAnGMJTe
2023-12-21,8014.0,qHzOycZJxzxiRvYHwFIrMdMlz
2023-12-21,8026.0,WXHRmVOMeBJYksLgzKpArw
2023-12-21,8031.0,MKYgTDfX
2023-12-21,8035.0,FuasWwpUKWsoYcCTprnD
2023-12-21,8038.0,grxLlCrFDrmimPcuPvBw
2023-12-21,8039.0,cFW
2023-12-21,8055.0,PeYsSyvGUtqoDbVFRYtJsJrt
2023-12-21,8063.0,omrmjlpuR
2023-12-21,8073.0,Zte
2023-12-21,8078.0,SduekpcUtEplJI
2023-12-21,8083.0,wbsKYkA
2023-12-21,8087.0,ofhgrSfsZJPyFkuPqWajXVc
2023-12-21,8165.0,DiqbiYnjly
2023-12-21,8203.0,IrcqVMmKaCmYXj
2023-12-21,8206.0,QYcbUwCQqHlyqNlazVauK
2023-12-21,8221.0,cCQGvSwSovYwVzYX
2023-12-21,8231.0,kZGLzf
2023-12-21,8232.0,NsnCqctAJaagN
2023-12-21,8243.0,bMXPdTfyeCjihQDszFLffe
2023-12-21,8248.0,nrmhnLHZUpZBKKTeTGt
2023-12-21,8251.0,WinP
2023-12-21,8261.0,OjedBMAQIfnkrSmhfTjRRPcaC
2023-12-21,8280.0,JCZhIu
2023-12-21,8289.0,MxmyklOTlXmOpkEgcgNRuEW
2023-12-21,8296.0,sANhAYmlTedaBxpAIivqyXsw
2023-12-21,8317.0,sSAUZxZ
2023-12-21,8330.0,PMQRecuR
2023-12-21,8349.0,ZxpVDjrue
2023-12-21,8356.0,pRLUTASBoqAXqiZXiHuSswIrJ
2023-12-21,8382.0,zkCbRvtll
2023-12-21,8384.0,SunXcqxfcaPuFGyJWrzJid
2023-12-21,8405.0,PCeXmDfBlMamqXXbkvjfk
2023-12-21,8419.0,UHzzMkOcPuqV
2023-12-21,8420.0,gEIaMBUnonPfB
2023-12-21,8422.0,LpYhReIzyyTWtcLhzioN
2023-12-21,8428.0,bcfRzuCWHzBV
2023-12-21,8430.0,tEF
2023-12-21,8432.0,xRqcXAuhZQSOhSSqWhIzgvEa
2023-12-21,8491.0,RZInJCXni
2023-12-21,8497.0,BUNRFIKZseFnEdIahOuYQla
2023-12-21,8506.0,sxztPr
2023-12-21,8519.0,wVJNh
2023-12-21,8520.0,AZsyuEp
2023-12-21,8526.0,kfVWWPEshXheUyh
2023-12-21,8546.0,LOBHQKvyJw
2023-12-21,8615.0,BqtEzwVflkEZ
2023-12-21,8618.0,rtiWE
2023-12-21,8641.0,balPwTp
2023-12-21,8661.0,drSfGsDsFhZYzFonrWjY
2023-12-21,8704.0,xYYkGNRkQrmNvqUFzmyXow
2023-12-21,8705.0,MYktFjvdp
2023-12-21,8707.0,valeUJyOoNLmhdzYa
2023-12-21,8724.0,bHFABuupBQYKvH
2023-12-21,8728.0,yBHiSoW
2023-12-21,8732.0,VaI
2023-12-21,8758.0,uAxswh
2023-12-21,8783.0,WuXrXSZFGuLAGLyDKjiKG
2023-12-21,8810.0,gKfdyQqSTgEuAomqaEbcSQ
2023-12-21,8829.0,gWnWZsyoOGqEoMoFQHc
2023-12-21,8830.0,fZKGHeBDEiVPWfbrEl
2023-12-21,8838.0,EqmlgweAEcqbEtBDKNM
2023-12-21,8856.0,QXIRu
2023-12-21,8859.0,Liniuwj
2023-12-21,8867.0,FPvUOQLdnh
2023-12-21,8882.0,FSOsiImUkuYzX
2023-12-21,8888.0,WCFDHenCyZGpNeTHCyhDmVx
2023-12-21,8897.0,XSyeHfmHXPlDUrbAGFKcO
2023-12-21,8898.0,TZMYFEJMqKplBCf
2023-12-21,8899.0,zAzYxoCsnxRPOTxAzphTK
2023-12-21,8911.0,DzGBionxmnDKytVjJrlzUgp
2023-12-21,8914.0,GFHZKqhoxNfZaUYBILOz
2023-12-21,8922.0,vEymCyaIrOrbRN
2023-12-21,8954.0,WwOHwJnBoReE
2023-12-21,8962.0,nSdmpRCgzfz
2023-12-21,8979.0,JWJ
2023-12-21,8982.0,rzCPvWBunwRMwb
2023-12-21,8984.0,zqyEYyQKfbmgssle
2023-12-21,8992.0,dxiiw
2023-12-21,8993.0,wgj
2023-12-21,9000.0,YfQnnGCCNz
2023-12-21,9013.0,rFcICY
2023-12-21,9022.0,grDsIWGweJXidnQH
2023-12-21,9067.0,YLYuHVVpBaLwaN
2023-12-21,9078.0,uWZdgyhJbjgg
2023-12-21,9086.0,FyUYN
2023-12-21,9093.0,eMdjgcISHDZCTWwQbMkJkP
2023-12-21,9097.0,eFHYsHIFtUpByqxxxQIiuqGI
2023-12-21,9098.0,wXzxPBkrJNZNPKBlCAvhuNVHv
2023-12-21,9109.0,gfxBJvWvHdEkkHSIVUNOk
2023-12-21,9115.0,DyfMsSqMJ
2023-12-21,9118.0,IWg
2023-12-21,9120.0,zRQKgzenoIn
2023-12-21,9125.0,ztgjSEftBWztNxRaOodqijdt
2023-12-21,9127.0,fmLnaCOcQPWHiVfsxTPUi
2023-12-21,9132.0,LjBPfoFeHzmakOndgQdLxw
2023-12-21,9152.0,TAamuGzGnCsToGMhSQRyjLNci
2023-12-21,9156.0,MJYBVM
2023-12-21,9158.0,czsqVwVjIolEUoIYKfAKAkI
2023-12-21,9162.0,TLJm
2023-12-21,9169.0,tAGBunEyiBQyBxAwiQZ
2023-12-21,9178.0,muaGPDiVDpiIjLTkea
2023-12-21,9178.0,sSrDqlwBgvgrdrReEnxa
2023-12-21,9180.0,sLTFLRGjeU
2023-12-21,9199.0,JBySUvmkHitOpEgxPAkp
2023-12-21,9211.0,amNnohNUbpsPVeIZUFETgFr
2023-12-21,9217.0,Jfchku
2023-12-21,9234.0,DizHTCHHAJIwSjglBBNqMC
2023-12-21,9277.0,IytUnenMtVqdVI
2023-12-21,9281.0,iUvn
2023-12-21,9309.0,KqTmuqgxRzFzkIABuOlkmv
2023-12-21,9310.0,cWFEZGpEEhSZKWKfvwe
2023-12-21,9330.0,kDE
2023-12-21,9339.0,SfgkYu
2023-12-21,9345.0,jYkQZlWnkdpsRiW
2023-12-21,9347.0,kQFfwsvFeyCyzdPzias
2023-12-21,9372.0,AbioaZrDVneSriXTY
2023-12-21,9388.0,AsvAA
2023-12-21,9393.0,GXxbaTDuKsgELcXWNpTqL
2023-12-21,9395.0,gNGP
2023-12-21,9396.0,YSeEGYkbRxQVd
2023-12-21,9399.0,wMyMtWNlx
2023-12-21,9404.0,APcEnhcmHEWkqRplRNXYC
2023-12-21,9405.0,RiUoyqM
2023-12-21,9407.0,IDXocojcQLcUFB
2023-12-21,9432.0,GebLjr
2023-12-21,9442.0,POwEUohr
2023-12-21,9449.0,sqxcG
2023-12-21,9463.0,uceIchfSE
2023-12-21,9487.0,EFc
2023-12-21,9490.0,unbJadWgj
2023-12-21,9501.0,HVDwblNNpHAlJKISAXucBSIl
2023-12-21,9519.0,rGNV
2023-12-21,9519.0,VYHGjhS
2023-12-21,9519.0,PYTXDpAchOdPpeIzHFjrMXRQd
2023-12-21,9533.0,FEFQTxZqyuim
2023-12-21,9544.0,zppQFOqfTpsQzQSmner
2023-12-21,9570.0,ZmuTFrdUabsVYVzfLQ
2023-12-21,9608.0,kJCgYunYjwyRKsZPsLX
2023-12-21,9640.0,EcitvrHYSBdeEUK
2023-12-21,9648.0,UHHWdg
2023-12-21,9651.0,mlylLAIxNtOActzUPoV
2023-12-21,9653.0,NKXIyOlD
2023-12-21,9658.0,rBqWGwKGShKY
2023-12-21,9659.0,VzUNIpxH
2023-12-21,9670.0,JkmlrXhZOOwwIs
2023-12-21,9674.0,djYizbhsyk
2023-12-21,9682.0,rRKaZxAhDELMgLBA
2023-12-21,9696.0,eoTcrvjLTUgjBPmfLrTqodMPr
2023-12-21,9708.0,SqqQQArVW
2023-12-21,9730.0,nej
2023-12-21,9735.0,TWl
2023-12-21,9737.0,frKjZpNHFcdkev
2023-12-21,9764.0,cQmTnPSXpeuBqf
2023-12-21,9780.0,tQdgwxBtJFhfc
2023-12-21,9783.0,ZqRjOaffpNARASlwgso
2023-12-21,9789.0,VpOsWVhaWT
2023-12-21,9792.0,zGPP
2023-12-21,9792.0,XdYhKzopxOGNSnfcFlyiyTNa
2023-12-21,9797.0,tdKsNdEUrGerwBkleRCbf
2023-12-21,9823.0,qIFwtatKYBDLObSyL
2023-12-21,9837.0,kygoEzedLxDo
2023-12-21,9854.0,zgKrFrMjWVhkeDfrwG
2023-12-21,9888.0,RCBUnDLuB
2023-12-21,9896.0,slHRzuvFrCoUuJywkh
2023-12-21,9911.0,LsEJYjGmwRPxOSuGEvk
2023-12-21,9914.0,ZHUkPAUWGMa
2023-12-21,9947.0,oJeIagZvOrZn
2023-12-21,9962.0,blJGSXoRf
2023-12-21,9977.0,hipuRDsTUwVnuZgQ
2023-12-21,9997.0,rlPJAeYcmjxKgLn
2054-10-25,-23423.0,DAWDAW
